{"accuracy": [0.5976243019104004, 0.8594779372215271, 0.9165089726448059, 0.9392133355140686, 0.9554876089096069, 0.9660431146621704, 0.9719894528388977, 0.9767835736274719, 0.9800127744674683, 0.9816487431526184], "loss": [1.365475058555603, 0.4488663375377655, 0.2600819170475006, 0.18689337372779846, 0.13653510808944702, 0.10455974191427231, 0.08722516894340515, 0.0711212158203125, 0.06338228285312653, 0.05648631975054741], "val_accuracy": [0.8309811353683472, 0.8753699064254761, 0.9046210050582886, 0.9487821459770203, 0.9300591945648193, 0.9505463242530823, 0.9523674249649048, 0.9593671560287476, 0.9575461149215698, 0.9732528924942017], "val_loss": [0.5432091951370239, 0.3805290162563324, 0.29838985204696655, 0.16240034997463226, 0.2312355637550354, 0.15861889719963074, 0.15604373812675476, 0.14764642715454102, 0.141037255525589, 0.09006842970848083]}